x_value,mean
1,-1081.9837994003396
2,-703.1328146165181
3,-357.579749590372
4,-382.620521177427
5,-337.4602883965526
6,-186.56180989746332
7,-912.8573739743372
8,-656.7889979935653
9,-884.7360096017692
10,-604.9748272222275
11,-118.0753575736
12,-1002.479078701341
13,-136.03675516068301
14,-121.1818275132474
15,-228.79634582687413
16,-5000.0
17,-5000.0
18,-5000.0
19,-5000.0
20,-100.0
21,-45.0
22,-999.5853741888602
23,-100.0
24,-78.00632087096773
