x_value,mean
1,-1081.9837994003396
2,-703.1190242939375
3,-357.579749590372
4,-382.620521177427
5,-337.47351745235915
6,-186.86405320391506
7,-912.8573320388533
8,-656.7889979935653
9,-884.7360096017693
10,-604.9743820609372
11,-118.0753575736
12,-1002.479078701341
13,-216.72769635423148
14,-194.0381935455054
15,-234.25080208493853
16,-5000.0
17,-5000.0
18,-5000.0
19,-5000.0
20,-100.0
21,-50.0
22,-1000.0
23,-100.0
24,-99.77348709677419
