x_value,mean
1,3013.5892112125384
2,-7.082265083261675
3,-49.07558303511624
4,
5,396221.80556955386
6,
7,-791.4739584596123
8,-316.00418808952173
9,
10,-59.3567064087178
11,419488491.4354763
12,16750.547667477666
13,-54.933505125230994
14,1524210.1439690476
15,189855275.84202248
16,-4106.279349836524
17,-4374.18377578208
18,-4030.9148192630937
19,889.5903928836188
20,29002.4030928177
21,
22,716.6611639602766
23,-53.33757573751005
24,-93.26503015015162
