x_value,mean
1,-1066.443615
2,-701.4940113225805
3,-353.2188394838709
4,-376.61971648387095
5,-334.30076035483876
6,-183.75160464516128
7,-894.5511581290323
8,-646.5017267741935
9,514.7650446451613
10,-593.9038781612904
11,
12,-559.3498388064517
13,
14,
15,
16,-863.1455347419356
17,-228.86863509677423
18,-533.2069698064516
19,-752.5470853870968
20,
21,
22,-505.24614270967726
23,
24,
