x_value,mean
1,-1081.9837990000003
2,-703.1328150000003
3,-357.5797500000002
4,-382.62052100000017
5,-337.50899799999985
6,-185.6027962258064
7,-912.8573739999998
8,-656.788998
9,-884.73601
10,-604.9748269999998
11,-118.07535800000001
12,-1002.4790790000002
13,1416.2342591935487
14,-188.98771677419356
15,-228.22099976666667
16,-5000.0
17,-4938.757217096774
18,-4528.356410256409
19,-4408.523529411765
20,-100.0
21,-45.0
22,-1000.0
23,-100.0
24,-95.15748183870967
